aX,aY,aZ,gX,gY,gZ
0.177,-0.963,0.770,-32.471,-125.610,41.992
0.239,-0.824,0.548,-84.961,-124.634,51.086
0.189,-0.708,0.441,-95.947,-125.916,58.960
0.147,-0.623,0.368,-88.501,-123.047,62.683
0.118,-0.570,0.379,-64.758,-116.821,57.739
0.091,-0.543,0.329,-40.100,-110.962,47.424
0.185,-0.577,0.174,-8.728,-105.408,31.494
0.205,-0.686,0.210,43.152,-94.666,20.142
0.183,-0.833,0.390,88.745,-84.778,17.456
0.169,-0.915,0.568,116.821,-78.613,18.311
0.148,-0.957,0.700,126.953,-76.721,16.357
0.154,-1.007,0.774,121.399,-75.256,9.766
0.197,-1.047,0.721,102.051,-74.158,-0.427
0.208,-1.057,0.586,74.768,-73.242,-8.545
0.223,-1.018,0.537,41.138,-69.214,-10.803
0.227,-0.960,0.476,6.287,-65.796,-6.775
0.208,-0.927,0.434,-17.151,-62.195,2.197
0.168,-0.896,0.433,-24.109,-60.730,13.245
0.152,-0.848,0.440,-19.043,-60.608,20.386
0.146,-0.809,0.434,-7.507,-56.702,23.193
0.119,-0.804,0.476,6.836,-49.561,23.560
0.116,-0.853,0.495,20.020,-39.246,17.761
0.147,-0.917,0.460,31.494,-27.222,7.568
0.170,-0.970,0.532,43.823,-15.686,-2.136
0.219,-1.009,0.577,47.607,-8.423,-9.949
0.236,-1.006,0.498,40.649,-4.028,-12.573
0.223,-0.964,0.455,33.020,-3.540,-6.531
0.213,-0.885,0.409,29.541,-23.743,-1.465
0.133,-0.882,0.405,31.311,-37.964,1.099
0.065,-0.946,0.443,28.931,-43.030,2.563
0.040,-0.980,0.453,19.165,-36.011,0.122
0.088,-0.955,0.418,6.653,-21.301,-4.333
0.168,-0.894,0.364,-0.732,-8.240,-9.094
0.185,-0.862,0.358,2.502,-3.784,-11.658
0.146,-0.858,0.416,11.902,-6.653,-9.644
0.123,-0.890,0.481,20.874,-10.925,-7.141
0.114,-0.933,0.517,26.001,-11.047,-7.324
0.115,-0.949,0.519,26.978,-7.263,-9.583
0.112,-0.939,0.508,25.269,-2.441,-12.390
0.123,-0.966,0.513,21.912,3.418,-14.404
0.141,-0.988,0.498,15.198,8.545,-13.550
0.178,-0.956,0.456,5.859,12.451,-8.362
0.199,-0.877,0.427,-1.770,15.381,-1.343
0.142,-0.864,0.398,-5.310,17.822,1.770
0.088,-0.931,0.390,-5.493,21.118,3.784
0.037,-0.938,0.381,-2.258,25.024,9.155
0.038,-0.915,0.348,6.104,34.302,15.320
0.018,-0.915,0.434,22.217,42.603,21.912
-0.001,-0.922,0.479,26.306,46.204,28.076
0.117,-0.497,0.389,29.968,54.688,30.212
0.031,-0.480,0.384,42.480,57.190,-1.099
-0.120,-1.056,0.495,53.284,56.946,-43.152
-0.036,-1.048,0.350,43.945,59.387,-30.823
0.101,-0.853,0.313,33.569,53.894,-14.404
0.153,-0.752,0.354,40.955,43.091,-18.433
0.167,-0.581,0.352,53.162,31.250,-41.931
0.069,-0.655,0.374,58.655,18.921,-83.740
-0.017,-0.888,0.382,56.763,13.245,-111.633
-0.010,-1.193,0.366,47.729,18.433,-111.267
0.122,-1.143,0.313,34.912,31.738,-78.918
0.145,-1.172,0.306,30.945,47.729,-48.401
0.123,-1.120,0.289,33.508,58.472,-21.179
0.047,-1.151,0.272,30.212,68.848,0.366
0.013,-1.123,0.216,18.738,79.407,17.456
-0.006,-1.065,0.170,10.315,83.557,16.785
0.011,-1.125,0.127,11.902,84.045,5.859
0.052,-1.137,0.047,12.695,70.007,3.784
0.069,-1.172,0.084,14.954,38.635,4.456
0.121,-1.128,0.178,26.367,6.775,7.263
0.159,-1.040,0.264,35.706,-14.099,10.559
0.104,-1.015,0.335,32.166,-22.949,9.644
0.062,-1.008,0.375,18.250,-19.592,8.789
0.079,-0.998,0.345,-0.122,-8.057,10.254
0.105,-0.982,0.304,-17.456,3.662,15.747
0.058,-0.996,0.240,-31.311,11.658,24.109
0.035,-1.000,0.205,-38.147,20.508,31.006
0.020,-0.997,0.144,-36.865,28.137,33.813
0.039,-0.968,0.082,-23.682,28.992,28.625
0.045,-0.942,0.098,2.441,21.851,10.681
0.058,-0.937,0.170,28.381,12.390,-8.789
0.081,-0.986,0.250,44.312,3.479,-19.653
0.098,-0.998,0.294,48.645,-0.732,-18.738
0.127,-0.970,0.305,42.419,-0.427,-11.536
0.134,-0.912,0.272,34.607,-0.732,-3.479
0.097,-0.891,0.278,28.259,-5.676,1.160
0.073,-0.918,0.289,20.020,-11.230,1.709
0.140,-0.808,0.323,7.263,-10.498,3.174
0.030,-0.946,0.387,-27.893,8.606,12.085
-0.055,-1.109,0.347,-66.040,29.724,12.756
-0.039,-1.094,0.252,-85.938,43.091,2.441
-0.016,-1.022,0.169,-87.585,51.025,-2.380
0.043,-0.950,0.184,-81.787,53.467,-5.981
0.067,-0.921,0.264,-75.684,50.110,-15.015
0.085,-0.930,0.339,-68.420,41.382,-24.170
0.100,-0.881,0.341,-59.814,26.672,-28.198
0.069,-0.798,0.257,-48.279,0.244,-33.508
0.094,-0.854,0.265,-33.203,-37.476,-42.664
-0.035,-0.995,0.216,-23.315,-68.481,-47.424
0.122,-0.906,0.203,-28.381,-65.125,-53.284
0.259,-0.902,0.201,-21.484,-55.542,-54.260
0.232,-0.983,0.265,-5.188,-52.979,-46.753
0.158,-1.051,0.379,2.075,-50.110,-37.842
0.083,-1.045,0.438,-2.930,-37.903,-30.518
0.024,-1.011,0.448,-15.137,-16.846,-28.503
0.002,-1.006,0.414,-29.358,7.141,-31.982
0.028,-1.015,0.327,-41.443,28.381,-35.583
0.078,-1.029,0.247,-52.795,37.354,-35.095
0.118,-1.042,0.223,-59.875,32.837,-31.006
0.120,-1.026,0.240,-60.974,19.958,-27.405
0.109,-0.982,0.261,-59.143,3.723,-24.658
0.114,-0.907,0.265,-56.641,-10.986,-20.813
0.091,-0.879,0.269,-52.185,-24.597,-15.686
0.051,-0.915,0.275,-45.715,-36.072,-9.216
0.016,-0.939,0.307,-39.856,-41.443,-3.784
-0.003,-0.937,0.380,-32.776,-41.626,-0.488
-0.005,-0.915,0.414,-24.597,-34.546,1.709
-0.008,-0.909,0.391,-18.188,-21.179,4.517
-0.049,-0.945,0.382,-12.390,-6.897,7.751
-0.067,-0.936,0.402,-3.906,6.714,9.644
1.025,-1.108,-0.310,99.548,-11.841,29.785
1.199,-0.783,-0.255,92.773,-3.784,-15.259
1.080,-0.573,-0.215,94.666,-16.785,-19.226
0.930,-0.484,-0.182,87.341,-24.292,7.446
0.843,-0.425,-0.122,77.393,-29.419,37.170
0.839,-0.344,-0.041,79.102,-40.222,64.331
0.841,-0.303,-0.001,94.666,-53.528,90.698
0.902,-0.367,-0.005,115.784,-62.805,112.976
0.857,-0.371,-0.070,133.484,-67.017,129.761
0.853,-0.417,-0.116,141.418,-65.918,138.855
0.848,-0.449,-0.137,139.465,-57.861,138.977
0.866,-0.450,-0.149,130.615,-50.293,135.254
0.894,-0.474,-0.141,119.934,-41.626,129.456
0.884,-0.486,-0.144,111.450,-34.485,121.033
0.925,-0.462,-0.149,100.159,-30.884,113.159
0.990,-0.418,-0.158,87.219,-28.992,109.436
0.971,-0.416,-0.172,80.200,-29.785,107.361
0.920,-0.453,-0.225,82.886,-35.645,100.403
0.861,-0.469,-0.291,88.806,-39.673,90.576
0.782,-0.452,-0.362,94.666,-39.917,80.811
0.709,-0.412,-0.446,97.717,-36.560,70.435
0.679,-0.387,-0.510,98.633,-28.381,64.026
0.679,-0.382,-0.541,99.609,-15.503,63.660
0.693,-0.396,-0.526,99.304,-3.418,67.078
0.716,-0.422,-0.522,94.421,3.052,68.604
0.718,-0.454,-0.550,83.435,1.892,64.758
0.733,-0.438,-0.591,65.979,-2.869,56.091
0.730,-0.394,-0.675,46.326,-7.996,45.715
0.700,-0.342,-0.743,33.569,-10.681,35.767
0.694,-0.279,-0.792,28.992,-9.094,29.358
0.691,-0.232,-0.837,25.452,-4.883,30.701
0.673,-0.203,-0.864,24.902,1.526,37.964
0.665,-0.220,-0.849,29.602,9.888,46.570
0.672,-0.285,-0.800,38.086,19.531,54.382
0.691,-0.375,-0.748,47.119,27.405,59.143
0.695,-0.456,-0.705,53.101,30.396,57.800
0.694,-0.492,-0.678,52.673,29.114,49.988
0.693,-0.484,-0.669,45.044,25.391,37.903
0.692,-0.431,-0.677,32.471,20.020,24.109
0.685,-0.367,-0.689,18.860,13.611,10.681
0.661,-0.300,-0.698,7.141,7.385,0.061
0.626,-0.250,-0.706,-2.319,2.258,-7.935
0.600,-0.189,-0.721,-11.169,-1.587,-13.733
0.578,-0.149,-0.740,-20.081,-3.601,-16.113
0.558,-0.114,-0.750,-25.940,-3.540,-16.602
0.553,-0.098,-0.742,-26.855,-1.099,-16.479
0.563,-0.102,-0.726,-23.926,2.258,-15.991
0.582,-0.124,-0.709,-18.555,5.432,-15.747
0.612,-0.148,-0.688,-13.123,7.812,-16.663
0.660,-0.175,-0.667,-8.911,8.789,-17.578
0.717,-0.208,-0.655,-6.836,7.507,-17.700
0.750,-0.249,-0.661,-6.470,5.066,-17.517
0.752,-0.294,-0.667,-7.751,2.625,-17.151
0.764,-0.356,-0.667,-11.108,2.502,-18.494
0.787,-0.406,-0.658,-15.564,5.310,-21.729
0.834,-0.454,-0.648,-19.897,11.230,-26.062
0.892,-0.500,-0.635,-23.193,19.653,-33.203
0.941,-0.544,-0.599,-22.827,29.663,-43.884
0.991,-0.591,-0.535,-21.179,40.649,-58.350
1.023,-0.638,-0.464,-20.020,50.720,-79.590
1.045,-0.640,-0.399,-24.353,57.922,-107.178
1.086,-0.593,-0.372,-37.598,59.631,-134.521
1.151,-0.531,-0.375,-59.387,54.504,-154.663
1.228,-0.487,-0.406,-85.266,43.823,-166.565
1.263,-0.454,-0.457,-108.704,29.419,-174.927
1.271,-0.424,-0.499,-124.695,15.381,-182.312
1.298,-0.398,-0.531,-134.521,6.897,-189.270
1.311,-0.404,-0.546,-141.602,6.409,-193.787
1.273,-0.425,-0.538,-146.912,11.108,-197.937
1.165,-0.436,-0.513,-150.940,18.005,-205.139
1.057,-0.410,-0.509,-153.198,19.592,-216.553
1.022,-0.416,-0.487,-156.067,12.756,-225.403
0.942,-0.455,-0.490,-161.804,2.441,-225.525
0.789,-0.475,-0.501,-166.809,-9.521,-219.116
0.714,-0.513,-0.488,-168.762,-20.996,-212.524
0.685,-0.574,-0.470,-169.617,-27.344,-206.726
0.625,-0.594,-0.473,-169.800,-28.931,-203.064
0.575,-0.594,-0.460,-169.434,-27.466,-203.796
0.516,-0.585,-0.440,-168.823,-21.606,-206.055
0.428,-0.561,-0.395,-167.786,-14.587,-207.092
0.361,-0.594,-0.358,-169.312,-11.658,-205.750
0.310,-0.716,-0.336,-173.645,-14.832,-201.111
0.190,-0.811,-0.337,-179.260,-24.292,-197.632
0.028,-0.842,-0.371,-187.927,-38.391,-199.524
-0.080,-0.828,-0.422,-200.317,-51.270,-205.872
-0.171,-0.738,-0.469,-210.266,-56.702,-209.839
-0.237,-0.645,-0.495,-209.656,-54.688,-207.153
-0.266,-0.607,-0.474,-194.580,-47.241,-198.547
-0.276,-0.616,-0.459,-168.335,-34.729,-184.753
-0.316,-0.587,-0.453,-136.169,-19.836,-169.434
-0.381,-0.629,-0.439,-101.929,-4.944,-153.809
-0.477,-0.707,-0.431,-72.021,10.010,-137.329
-0.587,-0.765,-0.434,-49.927,19.714,-123.169
-0.634,-0.808,-0.427,-35.461,23.315,-112.854
-0.661,-0.816,-0.408,-28.564,27.100,-105.103
-0.632,-0.855,-0.415,-27.588,33.386,-97.229
-0.634,-0.903,-0.416,-30.579,41.443,-91.736
-0.622,-0.925,-0.398,-35.095,52.002,-92.407
-0.612,-0.857,-0.353,-39.856,62.622,-98.877
-0.587,-0.759,-0.290,-42.786,68.542,-105.286
-0.572,-0.641,-0.233,-41.809,70.007,-102.051
-0.618,-0.529,-0.230,-35.095,67.322,-88.318
-0.757,-0.498,-0.243,-22.705,58.533,-68.726
-0.895,-0.547,-0.240,-9.155,48.157,-48.218
-0.955,-0.660,-0.228,0.305,41.016,-29.053
-0.954,-0.763,-0.221,3.601,34.546,-13.855
-0.877,-0.863,-0.231,-3.174,26.611,-5.493
-0.777,-1.006,-0.269,-16.846,16.113,-4.028
-0.741,-1.096,-0.317,-33.081,8.728,-8.606
-0.732,-1.139,-0.342,-51.331,6.042,-19.287
-0.730,-1.134,-0.320,-68.542,8.301,-30.579
-0.711,-1.090,-0.275,-80.200,13.733,-35.583
-0.689,-1.050,-0.212,-85.510,17.578,-34.424
-0.666,-1.031,-0.149,-86.121,17.456,-30.212
-0.635,-1.014,-0.098,-82.764,14.038,-25.146
-0.599,-1.009,-0.056,-77.026,7.996,-21.790
-0.570,-0.994,-0.017,-70.313,0.854,-20.752
-0.555,-0.963,0.024,-64.087,-6.775,-20.996
-0.538,-0.961,0.047,-58.472,-13.672,-20.508
-0.793,-1.007,-0.820,437.622,195.984,284.302
-0.781,-1.071,-0.768,469.543,207.214,272.095
-0.746,-1.071,-0.669,482.178,208.374,256.714
-0.647,-0.974,-0.577,474.182,196.045,241.821
-0.566,-0.821,-0.491,446.838,169.067,232.544
-0.525,-0.689,-0.442,404.480,130.310,234.131
-0.482,-0.620,-0.396,353.638,88.806,244.324
-0.401,-0.617,-0.441,302.551,48.340,252.869
-0.357,-0.566,-0.527,257.507,11.658,252.563
-0.349,-0.553,-0.607,220.337,-16.052,246.033
-0.327,-0.593,-0.699,190.735,-31.921,236.511
-0.282,-0.670,-0.819,172.424,-36.133,220.276
-0.233,-0.643,-0.894,162.048,-29.175,194.397
-0.155,-0.504,-0.861,155.396,-12.146,163.452
-0.033,-0.336,-0.778,144.714,4.883,138.733
0.064,-0.195,-0.674,128.906,14.771,129.639
0.092,-0.062,-0.627,116.150,13.550,135.681
0.139,0.029,-0.614,113.892,4.761,149.536
0.223,0.009,-0.627,123.779,-7.874,165.649
0.359,-0.102,-0.680,142.273,-19.165,175.903
0.559,-0.194,-0.732,164.062,-27.466,169.861
0.695,-0.278,-0.817,180.359,-33.630,151.611
0.798,-0.249,-0.869,183.105,-35.706,126.892
0.937,-0.157,-0.886,166.199,-31.921,105.225
1.015,-0.112,-0.934,131.592,-27.710,96.558
1.031,-0.068,-0.997,92.224,-23.865,98.450
0.971,-0.006,-1.003,62.927,-17.151,100.952
0.977,0.038,-0.922,51.392,-8.301,104.065
1.060,0.084,-0.817,59.143,-0.977,108.032
1.116,0.076,-0.718,79.224,-2.441,111.816
1.128,-0.023,-0.698,98.083,-12.939,117.371
1.109,-0.128,-0.713,112.122,-23.437,115.723
1.130,-0.113,-0.777,121.460,-29.968,100.647
1.140,-0.123,-0.925,120.850,-30.701,84.717
1.114,-0.126,-1.076,102.722,-19.836,77.881
1.067,-0.180,-1.140,71.655,0.244,80.505
1.065,-0.234,-1.040,42.419,26.306,83.679
1.327,-0.163,-0.773,34.607,43.335,82.458
1.071,-0.355,-0.615,41.260,28.381,85.510
1.028,-0.529,-0.611,49.438,8.728,72.693
1.100,-0.597,-0.616,48.645,-5.554,57.617
0.947,-0.627,-0.661,34.546,-20.813,46.875
0.789,-0.532,-0.789,16.907,-28.809,33.081
0.628,-0.385,-0.965,11.719,-23.376,17.151
0.523,-0.291,-1.078,21.545,-4.333,2.319
0.615,-0.204,-1.076,35.706,21.729,-10.193
0.573,-0.108,-0.996,43.274,39.856,-15.198
0.505,-0.100,-0.874,40.771,47.668,-20.020
0.478,-0.058,-0.752,27.893,48.828,-28.748
0.483,0.053,-0.593,7.874,43.274,-36.438
0.398,0.160,-0.504,-12.085,28.198,-37.109
0.333,0.213,-0.495,-24.475,7.080,-34.485
0.317,0.244,-0.552,-28.076,-14.954,-30.029
0.295,0.224,-0.680,-28.259,-32.349,-24.963
0.310,0.171,-0.770,-26.550,-39.856,-23.560
0.347,0.130,-0.835,-27.893,-39.368,-26.611
0.373,0.097,-0.865,-34.912,-33.997,-29.236
0.432,0.028,-0.828,-43.457,-27.527,-32.959
0.491,-0.019,-0.791,-51.636,-22.522,-38.574
0.552,-0.052,-0.762,-58.533,-19.165,-44.373
0.617,-0.099,-0.740,-62.622,-19.287,-52.063
0.685,-0.131,-0.742,-64.941,-22.705,-60.852
0.753,-0.145,-0.751,-68.909,-27.710,-67.871
0.834,-0.180,-0.749,-77.087,-33.875,-71.777
0.948,-0.226,-0.755,-87.219,-40.649,-75.500
1.050,-0.223,-0.764,-95.825,-47.791,-81.970
1.165,-0.248,-0.792,-103.455,-53.223,-90.271
1.236,-0.261,-0.875,-112.488,-53.467,-100.647
1.217,-0.238,-0.934,-123.779,-47.241,-114.441
1.164,-0.194,-0.932,-137.085,-34.912,-129.089
1.118,-0.182,-0.888,-151.611,-20.203,-142.334
1.108,-0.198,-0.838,-165.039,-9.827,-156.128
1.103,-0.214,-0.782,-174.622,-7.080,-170.654
1.086,-0.251,-0.750,-180.603,-10.376,-184.937
1.054,-0.303,-0.740,-188.904,-16.296,-197.937
0.980,-0.275,-0.755,-201.904,-23.865,-211.060
0.851,-0.240,-0.773,-217.529,-32.349,-223.389
0.697,-0.225,-0.803,-233.887,-40.283,-229.126
0.588,-0.274,-0.839,-247.864,-46.509,-226.929
0.507,-0.422,-0.882,-257.385,-48.645,-223.633
0.447,-0.566,-0.873,-263.855,-47.058,-228.210
0.411,-0.693,-0.812,-274.109,-46.570,-242.676
0.411,-0.778,-0.738,-292.603,-47.791,-261.597
0.418,-0.763,-0.643,-317.200,-53.650,-278.931
0.426,-0.724,-0.556,-340.332,-66.406,-288.574
0.370,-0.722,-0.498,-356.628,-85.632,-289.185
0.287,-0.751,-0.466,-362.549,-107.178,-280.151
0.187,-0.829,-0.422,-361.938,-125.549,-264.404
0.088,-0.954,-0.441,-359.680,-137.939,-249.817
-0.038,-0.996,-0.465,-360.352,-143.738,-241.943
-0.176,-0.940,-0.469,-356.873,-140.442,-242.249
-0.298,-0.772,-0.422,-339.783,-129.578,-246.765
-0.406,-0.627,-0.340,-307.190,-115.784,-246.704
-0.474,-0.522,-0.248,-264.099,-101.624,-238.220
-0.525,-0.475,-0.158,-218.689,-86.914,-222.351
-0.580,-0.496,-0.090,-177.979,-76.477,-204.346
-0.640,-0.530,-0.044,-148.926,-73.425,-186.401
-0.723,-0.555,-0.037,-133.362,-75.623,-166.931
-0.875,-0.583,-0.061,-128.052,-79.834,-146.606
-1.028,-0.637,-0.087,-127.747,-83.679,-128.845
-1.067,-0.683,-0.116,-128.235,-79.407,-114.807
-1.038,-0.705,-0.125,-128.601,-66.345,-104.919
-0.993,-0.708,-0.125,-125.122,-49.622,-97.595
-0.969,-0.682,-0.099,-112.244,-34.729,-91.614
-0.946,-0.656,-0.059,-90.515,-23.010,-86.243
-0.931,-0.651,-0.005,-64.880,-15.198,-78.918
-0.891,-0.684,0.045,-39.001,-11.047,-69.275
-0.854,-0.727,0.074,-18.433,-11.353,-59.753
-0.818,-0.765,0.100,-7.324,-15.076,-51.025
-0.834,-0.807,0.066,-4.211,-18.921,-43.457
-0.835,-0.829,0.081,-6.714,-23.804,-37.598
-0.851,-0.826,0.042,-15.259,-29.175,-35.095
-0.846,-0.807,0.001,-25.391,-28.015,-32.898
-0.825,-0.787,-0.022,-30.884,-23.621,-32.837
-0.833,-0.781,-0.005,-32.288,-14.282,-33.691
-0.816,-0.760,0.046,-32.776,-2.197,-35.828
-0.773,-0.739,0.106,-29.785,7.935,-36.865
-0.737,-0.730,0.165,-24.536,12.878,-35.522
-0.721,-0.736,0.213,-18.982,11.658,-31.677
1.236,0.347,-1.061,156.067,0.549,96.741
1.274,0.286,-1.036,127.930,-7.080,115.234
1.312,0.174,-1.049,104.370,-22.400,130.554
1.276,0.022,-1.066,88.318,-37.231,135.498
1.175,-0.115,-1.043,74.463,-43.335,128.418
1.086,-0.265,-0.928,57.373,-38.452,114.990
1.012,-0.413,-0.756,33.630,-25.940,99.609
0.951,-0.473,-0.568,8.911,-14.771,80.994
0.996,-0.450,-0.428,-15.442,-8.972,63.843
0.986,-0.350,-0.431,-33.508,-8.240,53.345
0.892,-0.170,-0.475,-29.846,-15.503,47.546
0.693,-0.069,-0.676,-2.869,-24.109,49.561
0.677,-0.063,-0.798,38.879,-16.968,44.556
0.588,-0.010,-0.864,78.125,-5.859,43.213
0.468,-0.078,-0.884,101.013,6.165,39.307
0.476,-0.126,-0.871,101.318,16.418,24.597
0.477,-0.031,-0.823,78.491,20.508,8.423
0.379,0.102,-0.792,42.236,17.151,-3.052
0.290,0.198,-0.772,7.690,11.475,-16.602
0.364,0.310,-0.712,-16.602,7.812,-31.738
0.276,0.424,-0.682,-29.419,2.502,-32.532
0.235,0.422,-0.664,-28.687,-2.258,-29.846
0.293,0.450,-0.624,-20.935,-2.869,-26.917
0.243,0.419,-0.646,-10.376,-3.662,-18.250
0.333,0.347,-0.647,0.732,-4.578,-14.832
0.307,0.330,-0.722,6.592,-4.822,-8.362
0.339,0.245,-0.781,10.376,-5.554,-8.484
0.401,0.171,-0.838,8.606,-6.165,-14.404
0.468,0.122,-0.893,-3.296,-8.362,-22.400
0.543,0.076,-0.939,-23.315,-13.306,-32.898
0.599,0.039,-0.987,-49.622,-18.799,-43.152
0.660,-0.007,-0.995,-72.998,-24.902,-54.321
0.736,-0.021,-1.001,-90.637,-31.006,-66.772
0.835,-0.050,-0.992,-103.149,-31.799,-77.820
0.953,-0.062,-0.976,-107.422,-28.931,-87.891
1.014,-0.079,-0.970,-103.821,-17.639,-96.802
1.085,-0.103,-0.925,-90.881,-4.639,-109.680
1.157,-0.093,-0.869,-73.669,7.996,-126.648
1.226,-0.103,-0.826,-61.462,19.165,-144.836
1.295,-0.066,-0.848,-60.242,27.405,-161.438
1.378,-0.017,-0.849,-67.749,29.907,-174.683
1.424,0.009,-0.859,-85.327,26.794,-185.791
1.473,0.021,-0.865,-115.234,18.066,-195.496
1.481,0.003,-0.915,-153.076,1.648,-206.116
1.412,-0.016,-0.987,-192.017,-15.442,-218.506
1.293,-0.034,-1.072,-226.685,-30.762,-230.164
1.168,-0.049,-1.132,-253.540,-38.513,-240.417
1.013,-0.050,-1.171,-270.935,-42.114,-247.498
0.838,-0.056,-1.161,-280.090,-45.166,-248.901
0.721,-0.142,-1.101,-280.151,-45.288,-246.460
0.619,-0.248,-1.005,-274.048,-42.419,-244.141
0.549,-0.338,-0.926,-265.869,-41.626,-245.239
0.498,-0.449,-0.860,-259.827,-43.579,-250.977
0.407,-0.590,-0.858,-259.216,-45.532,-258.850
0.278,-0.650,-0.882,-265.442,-49.683,-265.015
0.214,-0.653,-0.901,-273.682,-53.955,-266.602
0.187,-0.700,-0.882,-277.954,-52.368,-264.465
0.141,-0.747,-0.825,-276.367,-49.194,-259.521
0.049,-0.728,-0.751,-270.935,-46.570,-251.526
0.005,-0.724,-0.633,-258.057,-43.030,-240.845
-0.036,-0.737,-0.511,-233.704,-38.025,-227.783
-0.119,-0.706,-0.416,-204.590,-35.095,-218.140
-0.159,-0.719,-0.348,-177.063,-34.912,-215.820
-0.137,-0.739,-0.339,-152.344,-33.203,-219.360
-0.158,-0.687,-0.369,-133.972,-28.687,-230.042
-0.249,-0.536,-0.404,-124.817,-23.315,-246.704
-0.380,-0.375,-0.436,-122.314,-13.794,-256.653
-0.538,-0.241,-0.465,-120.483,-2.197,-249.207
-0.666,-0.199,-0.468,-113.647,8.057,-226.196
-0.752,-0.198,-0.430,-103.455,17.822,-198.608
-0.774,-0.241,-0.358,-94.238,25.574,-174.500
-0.746,-0.331,-0.265,-86.426,29.907,-153.198
-0.763,-0.443,-0.200,-80.444,31.372,-134.460
-0.786,-0.531,-0.156,-77.454,30.273,-124.451
-0.805,-0.580,-0.108,-76.050,29.724,-119.446
-0.824,-0.600,-0.089,-75.073,30.212,-114.868
-0.891,-0.589,-0.103,-76.294,28.381,-109.497
-0.914,-0.591,-0.095,-77.637,25.146,-102.295
-0.911,-0.571,-0.085,-77.881,24.536,-91.125
-0.911,-0.565,-0.065,-77.332,22.827,-80.505
-0.923,-0.537,-0.053,-75.012,17.822,-74.280
-0.933,-0.516,-0.033,-70.801,11.230,-70.374
-0.915,-0.514,-0.020,-62.134,5.127,-66.528
-0.884,-0.522,-0.030,-50.171,-1.099,-62.073
-0.865,-0.540,-0.044,-36.194,-7.385,-57.129
-0.845,-0.607,-0.081,-22.034,-12.207,-50.415
-0.848,-0.665,-0.123,-9.216,-13.977,-41.992
-0.847,-0.731,-0.160,2.808,-14.587,-34.546
-0.849,-0.808,-0.173,13.184,-12.634,-28.198
-0.840,-0.869,-0.171,18.555,-9.155,-23.376
-0.806,-0.925,-0.152,19.409,-6.470,-20.569
-0.765,-0.943,-0.144,14.587,-6.165,-19.897
-0.742,-0.930,-0.164,5.859,-8.484,-21.240
-0.723,-0.898,-0.197,-4.517,-11.047,-24.475
-0.726,-0.861,-0.207,-14.404,-10.315,-26.794
-0.725,-0.819,-0.197,-23.560,-7.019,-27.344
-0.726,-0.796,-0.167,-29.602,-3.784,-26.245
-0.730,-0.785,-0.139,-32.593,-2.258,-23.132
-0.715,-0.783,-0.115,-31.982,-2.747,-20.325
-0.709,-0.797,-0.095,-28.320,-5.432,-19.531
-0.691,-0.813,-0.073,-23.621,-8.850,-20.569
-0.682,-0.812,-0.064,-20.630,-11.536,-20.752
-0.677,-0.813,-0.056,-16.968,-13.184,-21.057
-0.683,-0.800,-0.057,-13.367,-13.306,-22.278
-0.690,-0.775,-0.076,-9.949,-11.780,-22.339
-0.707,-0.761,-0.093,-5.432,-7.996,-20.996
-0.707,-0.759,-0.090,-0.488,-3.296,-19.897
-0.692,-0.756,-0.077,2.686,1.221,-19.104
-0.680,-0.747,-0.046,4.578,4.028,-18.372
-0.663,-0.741,-0.022,4.944,4.028,-18.005
-0.650,-0.734,-0.007,3.967,1.404,-16.907
-0.630,-0.760,0.002,1.953,-2.197,-15.015
-0.616,-0.792,0.019,-1.648,-4.578,-12.878
-0.604,-0.816,0.035,-7.385,-6.348,-11.597
-0.594,-0.829,0.036,-14.099,-7.507,-10.437
-0.613,-0.820,0.028,-19.836,-8.057,-10.559
-0.622,-0.792,0.017,-23.071,-7.019,-12.268
-0.649,-0.768,0.001,-22.705,-4.883,-12.695
-0.662,-0.742,-0.002,-18.738,-1.526,-12.207
1.099,0.169,-1.293,65.369,-85.327,129.272
1.072,0.199,-1.387,82.703,-60.059,109.497
1.202,0.212,-1.315,102.112,-24.292,88.745
1.364,0.136,-1.146,103.271,8.545,82.886
1.411,0.040,-0.934,78.979,21.484,87.830
1.638,-0.018,-0.720,34.180,14.648,91.736
1.323,-0.144,-0.522,-14.526,-11.475,96.008
0.954,-0.271,-0.511,-53.406,-43.274,83.496
1.002,-0.323,-0.471,-79.712,-43.030,68.787
1.007,-0.332,-0.413,-84.229,-31.860,65.613
0.903,-0.363,-0.427,-60.608,-23.987,63.293
0.880,-0.357,-0.535,-14.893,-14.648,55.359
0.837,-0.296,-0.678,36.133,-5.371,45.349
0.762,-0.233,-0.817,72.632,1.221,35.706
0.708,-0.164,-0.918,84.412,6.714,25.818
0.661,-0.078,-0.977,75.317,11.536,14.709
0.595,0.007,-0.984,50.964,12.207,2.319
0.527,0.074,-0.949,19.165,11.353,-8.057
0.483,0.147,-0.893,-7.080,9.094,-17.761
0.431,0.231,-0.860,-23.804,5.127,-26.917
0.376,0.359,-0.835,-29.114,2.502,-29.114
0.266,0.441,-0.824,-22.827,2.380,-22.217
0.179,0.425,-0.807,-8.301,5.249,-14.587
0.232,0.372,-0.743,6.165,10.254,-11.230
0.220,0.360,-0.722,13.184,13.428,-4.883
0.219,0.283,-0.708,13.672,12.451,-1.099
0.269,0.221,-0.717,9.705,9.155,-3.540
0.361,0.171,-0.761,2.502,5.188,-7.568
0.482,0.097,-0.794,-6.104,-0.549,-11.963
0.560,0.015,-0.838,-17.944,-8.362,-16.357
0.640,-0.047,-0.866,-32.349,-17.212,-23.132
0.714,-0.096,-0.891,-49.866,-27.100,-33.325
0.787,-0.147,-0.898,-67.444,-34.119,-45.410
0.822,-0.199,-0.909,-80.139,-35.400,-58.350
0.871,-0.236,-0.893,-88.623,-31.677,-74.646
0.915,-0.232,-0.900,-96.497,-25.085,-95.154
0.963,-0.196,-0.914,-106.079,-18.127,-117.371
1.036,-0.139,-0.942,-119.385,-14.648,-134.338
1.109,-0.124,-0.987,-134.583,-11.963,-145.447
1.152,-0.137,-1.010,-145.569,-7.202,-152.649
1.220,-0.158,-0.976,-149.780,-0.732,-159.668
1.309,-0.214,-0.920,-152.283,8.667,-171.509
1.383,-0.291,-0.875,-155.579,14.648,-190.308
1.375,-0.349,-0.861,-165.222,14.099,-214.722
1.265,-0.362,-0.903,-186.218,7.996,-239.380
1.132,-0.304,-0.983,-216.309,0.427,-258.728
1.002,-0.265,-1.022,-246.277,-4.639,-270.996
0.847,-0.232,-1.010,-270.203,-7.019,-274.780
0.744,-0.253,-0.950,-280.640,-10.742,-271.851
0.747,-0.348,-0.884,-277.710,-14.893,-268.127
0.738,-0.492,-0.813,-268.494,-20.081,-267.639
0.697,-0.606,-0.786,-262.451,-26.184,-272.339
0.647,-0.634,-0.761,-264.038,-30.151,-283.691
0.562,-0.678,-0.755,-270.630,-35.583,-295.410
0.474,-0.697,-0.781,-275.146,-44.678,-299.316
0.392,-0.695,-0.778,-275.024,-53.284,-296.997
0.279,-0.698,-0.774,-271.912,-57.617,-292.358
0.163,-0.728,-0.779,-264.343,-57.068,-288.635
0.092,-0.678,-0.723,-252.808,-48.950,-288.452
-0.007,-0.580,-0.608,-236.511,-37.537,-286.194
-0.053,-0.503,-0.446,-215.759,-24.597,-274.597
-0.071,-0.478,-0.280,-197.083,-13.367,-252.197
-0.127,-0.491,-0.155,-184.692,-9.277,-224.792
-0.261,-0.531,-0.098,-182.068,-17.761,-203.125
-0.359,-0.588,-0.106,-185.181,-35.889,-193.237
-0.374,-0.620,-0.170,-189.331,-52.917,-191.467
-0.456,-0.594,-0.273,-190.796,-62.317,-191.406
-0.590,-0.520,-0.375,-184.082,-66.650,-191.345
-0.693,-0.488,-0.426,-167.725,-60.486,-187.805
-0.757,-0.441,-0.403,-144.165,-42.542,-180.420
-0.764,-0.413,-0.327,-118.469,-20.813,-168.396
-0.729,-0.422,-0.222,-95.581,-2.319,-151.855
-0.698,-0.448,-0.133,-75.012,7.812,-134.521
-0.704,-0.473,-0.083,-60.181,6.165,-124.329
-0.740,-0.493,-0.085,-56.030,-4.089,-118.103
-0.832,-0.490,-0.140,-56.824,-16.296,-110.718
-0.944,-0.503,-0.219,-57.922,-27.710,-103.577
-0.998,-0.489,-0.283,-59.509,-34.180,-97.656
-1.045,-0.435,-0.353,-58.777,-32.471,-88.867
-1.117,-0.406,-0.393,-51.147,-21.484,-76.111
-1.110,-0.426,-0.346,-34.912,-3.418,-63.354
-1.046,-0.483,-0.252,-17.822,14.709,-53.223
-0.984,-0.510,-0.164,-7.812,25.879,-45.105
-0.950,-0.509,-0.107,-4.822,26.855,-38.574
-0.926,-0.519,-0.064,-3.784,20.813,-32.715
-0.920,-0.543,-0.034,-3.540,11.353,-26.367
-0.952,-0.579,-0.022,-5.737,0.000,-17.151
-0.946,-0.645,-0.026,-8.911,-10.803,-4.944
-0.888,-0.754,-0.065,-11.353,-20.203,4.639
-0.852,-0.850,-0.118,-14.160,-27.344,7.263
-0.849,-0.887,-0.202,-14.832,-28.564,3.296
-0.843,-0.885,-0.246,-9.766,-22.156,-4.761
-0.836,-0.877,-0.239,-0.854,-10.742,-12.817
-0.822,-0.867,-0.198,8.545,0.488,-18.494
-0.796,-0.862,-0.137,14.648,8.362,-20.752
-0.765,-0.878,-0.074,15.564,10.376,-20.081
-0.746,-0.900,-0.025,10.681,6.470,-17.395
-0.724,-0.920,-0.001,0.427,-1.526,-14.832
-0.711,-0.907,-0.001,-11.902,-9.888,-12.024
-0.699,-0.882,-0.003,-22.034,-17.578,-10.010
-0.673,-0.868,-0.018,-27.649,-23.743,-9.583
-0.659,-0.847,-0.047,-29.846,-26.733,-10.071
-0.653,-0.820,-0.069,-27.039,-25.146,-11.414
-0.645,-0.803,-0.075,-19.958,-19.836,-13.245
-0.647,-0.803,-0.063,-10.742,-12.573,-15.015
-0.646,-0.805,-0.038,-2.563,-5.554,-15.564
-0.636,-0.799,-0.014,3.418,0.000,-14.526
-0.623,-0.802,0.012,6.592,2.686,-12.695
-0.613,-0.810,0.034,5.981,1.831,-9.949
-0.602,-0.803,0.038,2.258,-1.343,-6.836
-0.587,-0.809,0.038,-3.357,-6.042,-4.578
-0.573,-0.814,0.030,-8.362,-10.986,-2.625
-0.567,-0.823,0.004,-13.062,-15.137,-1.465
-0.576,-0.816,-0.020,-15.137,-17.273,-2.441
-0.576,-0.815,-0.049,-13.489,-16.724,-4.211
-0.590,-0.800,-0.072,-8.057,-13.184,-6.226
-0.601,-0.779,-0.078,-0.977,-7.874,-8.667
-0.615,-0.755,-0.068,7.324,-1.953,-8.911
-0.612,-0.762,-0.042,14.160,3.418,-7.080
1.632,0.658,-0.683,131.226,-109.436,96.680
1.720,0.650,-0.857,113.708,-127.197,88.257
1.780,0.828,-1.049,104.126,-132.263,80.688
1.883,0.874,-1.233,96.313,-124.695,86.914
1.892,0.696,-1.379,81.482,-105.591,112.732
1.815,0.431,-1.444,69.031,-83.984,141.541
1.656,0.113,-1.361,58.228,-57.129,155.457
1.442,-0.377,-1.136,41.992,-28.015,143.311
1.285,-0.731,-0.747,13.794,-7.263,112.122
1.211,-0.905,-0.392,-30.396,5.127,80.994
1.232,-0.819,-0.210,-67.810,4.761,49.438
1.127,-0.566,-0.283,-70.801,-4.272,28.320
0.930,-0.333,-0.573,-33.630,-12.085,14.893
0.743,-0.207,-0.863,24.292,-7.446,1.831
0.655,-0.090,-1.037,76.721,9.888,-10.986
0.614,0.064,-1.073,98.755,29.053,-20.325
0.541,0.212,-1.048,82.703,38.574,-23.560
0.395,0.251,-1.063,41.077,37.292,-27.100
0.386,0.354,-0.943,-3.662,31.921,-38.452
0.222,0.492,-0.867,-43.274,19.104,-44.373
0.101,0.634,-0.789,-72.632,7.874,-47.241
0.050,0.778,-0.743,-83.008,2.258,-41.931
0.056,0.840,-0.718,-72.510,2.502,-26.611
0.056,0.754,-0.676,-42.053,6.592,-4.578
0.126,0.576,-0.640,-2.808,11.902,15.991
0.225,0.382,-0.651,31.433,17.944,30.151
0.324,0.165,-0.667,51.697,19.531,35.034
0.396,0.002,-0.714,54.810,18.127,31.311
0.483,-0.081,-0.791,43.030,15.808,20.752
0.572,-0.105,-0.874,23.376,13.000,6.592
0.637,-0.120,-0.951,0.610,9.155,-7.263
0.700,-0.103,-1.031,-21.729,4.944,-21.057
0.757,-0.099,-1.072,-41.016,1.587,-35.278
0.816,-0.120,-1.091,-56.702,0.732,-48.584
0.827,-0.142,-1.096,-68.298,2.930,-61.157
0.869,-0.169,-1.075,-76.477,10.681,-76.416
0.939,-0.196,-0.985,-80.139,22.888,-95.215
1.035,-0.209,-0.878,-82.642,37.109,-117.798
1.135,-0.193,-0.781,-88.501,46.021,-142.456
1.239,-0.158,-0.709,-99.670,46.509,-165.283
1.371,-0.129,-0.698,-116.272,40.161,-183.838
1.478,-0.106,-0.731,-136.963,27.344,-201.294
1.546,-0.080,-0.775,-166.626,9.888,-218.323
1.604,-0.053,-0.862,-209.900,-8.423,-232.727
1.561,-0.061,-0.995,-260.437,-22.827,-246.338
1.434,-0.028,-1.106,-305.298,-31.067,-260.986
1.255,0.076,-1.139,-338.074,-31.555,-274.475
1.102,0.196,-1.097,-359.436,-27.100,-282.166
0.961,0.242,-0.991,-363.098,-24.780,-279.846
0.814,0.171,-0.849,-346.436,-25.391,-268.250
0.771,-0.034,-0.719,-315.063,-29.907,-251.770
0.756,-0.305,-0.692,-280.884,-38.940,-241.638
0.708,-0.519,-0.748,-257.996,-49.561,-245.178
0.654,-0.662,-0.802,-249.207,-55.298,-261.780
0.573,-0.722,-0.832,-253.174,-57.373,-282.776
0.468,-0.724,-0.865,-262.451,-57.983,-299.500
0.340,-0.724,-0.875,-270.569,-62.073,-309.814
0.213,-0.648,-0.853,-271.729,-65.247,-317.627
0.083,-0.534,-0.779,-264.221,-64.941,-323.181
-0.024,-0.476,-0.647,-246.826,-61.890,-320.007
-0.041,-0.523,-0.506,-222.961,-57.861,-308.167
-0.063,-0.638,-0.426,-202.942,-54.565,-295.349
-0.140,-0.685,-0.380,-194.153,-57.617,-289.612
-0.247,-0.604,-0.376,-197.632,-65.491,-289.124
-0.400,-0.456,-0.393,-204.834,-74.219,-284.790
-0.546,-0.373,-0.419,-203.796,-80.994,-270.264
-0.632,-0.338,-0.452,-190.918,-84.595,-250.244
-0.716,-0.322,-0.478,-169.312,-83.435,-234.497
-0.785,-0.335,-0.487,-144.348,-78.491,-225.403
-0.854,-0.340,-0.472,-118.469,-67.566,-214.661
-0.937,-0.281,-0.494,-94.116,-52.002,-199.341
-1.045,-0.265,-0.484,-73.120,-35.583,-179.382
-1.057,-0.264,-0.457,-57.251,-17.029,-156.006
-1.036,-0.283,-0.410,-51.636,0.244,-133.057
-1.025,-0.335,-0.379,-53.894,8.057,-114.258
-1.034,-0.423,-0.375,-60.364,6.104,-100.891
-1.072,-0.456,-0.379,-69.153,0.977,-92.590
-1.125,-0.436,-0.404,-76.172,-2.319,-84.656
-1.167,-0.453,-0.405,-78.796,-0.671,-75.562
-1.169,-0.490,-0.357,-77.087,7.507,-66.467
-1.131,-0.549,-0.288,-72.449,18.799,-59.082
-1.073,-0.595,-0.206,-66.284,27.893,-56.946
-1.033,-0.616,-0.132,-60.730,30.396,-59.448
-1.013,-0.604,-0.085,-57.739,26.978,-59.875
-1.001,-0.594,-0.052,-57.800,19.958,-55.786
-0.964,-0.600,-0.041,-59.082,11.108,-49.500
-0.939,-0.595,-0.063,-60.059,1.343,-42.053
-0.948,-0.589,-0.104,-56.946,-7.202,-35.889
-0.964,-0.586,-0.141,-46.631,-12.207,-31.067
-0.944,-0.584,-0.162,-29.785,-12.085,-27.588
-0.920,-0.592,-0.175,-11.047,-9.155,-24.658
-0.905,-0.607,-0.177,6.714,-5.432,-20.874
-0.875,-0.646,-0.165,20.264,-0.916,-17.029
-0.839,-0.702,-0.135,26.123,3.052,-12.939
-0.810,-0.758,-0.082,23.865,5.859,-8.545
-0.776,-0.795,-0.016,15.442,6.287,-5.798
-0.739,-0.818,0.030,2.319,2.258,-5.676
-0.723,-0.812,0.043,-11.292,-5.676,-6.897
-0.720,-0.784,0.023,-22.827,-14.221,-8.362
-0.729,-0.753,-0.014,-29.114,-20.691,-9.216
-0.740,-0.730,-0.054,-28.748,-22.766,-9.583
-0.765,-0.701,-0.074,-21.179,-21.240,-8.606
-0.755,-0.690,-0.094,-10.010,-17.090,-6.042
-0.764,-0.700,-0.117,2.014,-11.108,-2.319
-0.743,-0.715,-0.122,13.611,-3.357,2.380
-0.718,-0.751,-0.107,23.376,5.066,6.714
-0.682,-0.793,-0.067,30.273,11.719,8.179
-0.653,-0.819,-0.032,30.945,13.306,6.714
-0.641,-0.817,-0.010,25.818,10.132,4.761
-0.633,-0.810,-0.006,17.212,4.761,3.723
-0.636,-0.802,-0.007,6.958,-1.343,3.540
-0.649,-0.789,-0.008,-3.174,-7.385,4.578
-0.647,-0.791,-0.009,-10.498,-11.292,6.531
-0.629,-0.792,-0.015,-13.733,-11.902,7.812
-0.624,-0.788,-0.019,-12.146,-11.230,6.714
-0.634,-0.783,-0.028,-6.592,-8.606,5.127
-0.642,-0.780,-0.022,1.709,-4.761,3.906
-0.632,-0.792,-0.005,10.193,-0.610,3.418
-0.617,-0.796,0.012,15.381,2.136,2.747
-1.477,-0.451,-1.331,302.795,76.477,339.050
-1.848,-0.559,-1.428,347.778,105.530,370.850
-2.092,-0.566,-1.322,371.948,150.879,391.968
-2.167,-0.404,-1.148,375.916,191.223,386.780
-2.230,-0.193,-0.929,369.080,198.792,370.483
-2.353,0.048,-0.710,351.257,184.082,365.784
-2.481,0.329,-0.508,329.407,159.729,379.517
-2.381,0.545,-0.306,320.618,134.216,401.978
-2.107,0.496,-0.376,341.309,100.342,416.443
-1.931,0.487,-0.557,391.968,57.251,407.532
-1.601,0.871,-0.670,436.096,21.240,373.535
-0.850,1.450,-0.670,430.115,-3.113,345.581
-0.087,1.795,-0.606,378.418,-25.452,351.501
0.485,1.926,-0.626,322.998,-60.486,375.671
1.205,2.166,-0.627,288.940,-101.990,382.568
2.307,2.490,-0.536,275.085,-138.672,375.366
3.700,2.533,-0.472,263.916,-174.744,377.563
4.000,2.191,-0.668,244.446,-213.318,377.380
4.000,1.501,-1.048,207.031,-262.207,356.140
4.000,0.598,-1.468,155.334,-290.955,311.707
4.000,-0.055,-1.763,113.098,-257.935,258.667
4.000,-1.112,-1.610,69.275,-159.363,220.459
4.000,-2.161,-1.084,5.981,-27.039,164.673
4.000,-2.292,-0.114,-57.190,97.961,41.321
4.000,-1.474,0.812,-123.718,186.401,-127.869
4.000,-0.342,1.371,-190.979,200.012,-276.184
4.000,0.630,1.306,-240.601,140.381,-363.464
3.837,1.251,0.874,-254.700,52.795,-389.099
3.026,1.583,0.331,-224.487,-15.564,-379.883
2.315,1.581,-0.090,-167.725,-30.945,-359.924
1.743,1.410,-0.332,-112.549,-5.859,-339.600
1.308,1.215,-0.381,-72.632,32.532,-326.660
1.035,0.981,-0.331,-49.927,61.829,-321.655
0.823,0.717,-0.275,-44.739,67.078,-326.660
0.593,0.512,-0.297,-63.843,52.551,-338.562
0.359,0.376,-0.363,-98.938,29.480,-353.149
0.152,0.255,-0.449,-137.390,3.052,-367.004
-0.058,0.137,-0.618,-176.941,-21.484,-374.023
-0.288,0.130,-0.832,-209.656,-43.396,-372.375
-0.604,0.149,-1.085,-240.112,-60.669,-350.342
-1.069,0.057,-1.377,-269.958,-59.998,-313.782
-1.491,-0.005,-1.532,-268.494,-39.551,-282.104
-1.727,0.033,-1.504,-226.868,-2.258,-258.667
-1.658,0.040,-1.346,-161.987,51.208,-239.441
-1.703,-0.151,-1.194,-94.177,102.539,-224.976
-1.371,0.053,-1.137,-46.326,135.071,-212.280
-1.292,0.046,-1.065,-19.287,162.170,-192.139
-1.296,-0.045,-0.942,-9.033,149.658,-187.500
-1.489,-0.082,-0.963,-20.386,135.742,-176.453
-1.623,-0.161,-0.937,-46.814,115.479,-151.917
-1.690,-0.166,-0.964,-78.613,94.421,-127.869
-1.610,-0.173,-0.998,-104.065,80.322,-108.765
-1.506,-0.184,-1.003,-115.417,70.801,-98.633
-1.331,-0.198,-0.946,-113.403,66.345,-97.412
-1.132,-0.247,-0.847,-107.361,69.702,-95.764
-0.980,-0.354,-0.670,-99.426,74.219,-91.003
-0.849,-0.457,-0.483,-94.727,71.289,-86.243
-0.775,-0.571,-0.352,-95.337,60.608,-82.581
-0.728,-0.649,-0.288,-98.511,43.701,-80.383
-0.674,-0.604,-0.275,-102.417,24.719,-79.224
-0.613,-0.489,-0.293,-104.553,8.972,-72.449
-0.625,-0.421,-0.319,-102.051,-1.404,-53.894
-0.676,-0.451,-0.325,-92.896,-5.737,-29.358
-0.656,-0.556,-0.300,-74.219,-5.249,-9.949
-0.587,-0.714,-0.281,-47.974,-3.540,0.244
-0.504,-0.887,-0.267,-21.240,-2.441,3.723
-0.446,-1.015,-0.255,-1.953,-3.418,1.282
-0.441,-1.078,-0.258,6.409,-4.578,-3.845
-0.458,-1.090,-0.251,5.737,-4.272,-9.521
-0.479,-1.058,-0.274,-0.488,-3.906,-16.174
-0.460,-0.987,-0.277,-7.996,-2.686,-20.691
-0.451,-0.919,-0.295,-17.944,-3.174,-18.311
-0.480,-0.905,-0.311,-28.564,-3.296,-9.705
-0.471,-0.920,-0.285,-36.621,-2.258,-2.563
-0.421,-0.937,-0.258,-40.833,-2.258,1.038
-0.375,-0.957,-0.249,-42.236,-3.784,2.869
-0.373,-0.978,-0.258,-42.419,-5.737,3.784
-0.382,-1.019,-0.253,-40.710,-6.653,1.526
-0.385,-1.040,-0.241,-37.292,-5.859,-5.432
-0.384,-1.026,-0.227,-37.598,-3.723,-14.282
-0.403,-0.988,-0.218,-39.063,-0.610,-20.203
-0.437,-0.937,-0.222,-38.208,2.625,-22.522
-0.455,-0.888,-0.235,-34.607,6.042,-21.729
-0.484,-0.857,-0.243,-30.518,9.705,-17.883
-0.503,-0.836,-0.242,-26.123,13.550,-12.695
-0.504,-0.806,-0.234,-22.217,16.846,-8.118
-0.494,-0.806,-0.227,-17.334,18.799,-4.883
-0.473,-0.813,-0.216,-12.329,19.226,-2.808
-0.478,-0.820,-0.207,-9.338,17.517,-2.319
-0.485,-0.810,-0.198,-9.094,15.808,-1.831
-0.482,-0.821,-0.190,-9.338,15.015,-0.305
-0.486,-0.851,-0.182,-9.399,14.160,0.366
-0.474,-0.881,-0.180,-8.789,11.292,-2.625
-0.468,-0.905,-0.182,-9.766,7.751,-6.775
-0.469,-0.912,-0.179,-11.230,5.249,-9.460
-0.466,-0.914,-0.170,-11.780,3.113,-9.949
-0.453,-0.916,-0.162,-10.742,0.793,-9.155
-0.439,-0.916,-0.182,-8.728,-2.075,-7.446
-0.455,-0.916,-0.201,-5.981,-4.028,-5.859
-0.469,-0.928,-0.209,-3.845,-3.906,-5.859
-0.464,-0.931,-0.209,-2.808,-1.770,-6.897
-0.460,-0.915,-0.201,-3.174,0.732,-7.690
-0.466,-0.898,-0.198,-3.784,2.380,-7.080
-0.470,-0.880,-0.195,-3.601,3.296,-5.859
-0.471,-0.868,-0.194,-3.174,3.418,-3.723
-0.461,-0.880,-0.192,-1.404,2.747,-1.831
-0.457,-0.909,-0.198,1.038,0.488,-2.319
-0.465,-0.903,-0.211,1.587,-2.380,-3.601
-0.474,-0.880,-0.222,1.892,-3.967,-3.967
-0.469,-0.875,-0.219,3.723,-4.395,-3.357
-0.450,-0.888,-0.228,5.615,-4.456,-1.343
-0.454,-0.872,-0.260,7.263,-4.089,-0.549
-0.467,-0.841,-0.298,9.460,-2.197,-0.183
-0.499,-0.819,-0.308,12.268,3.296,1.526
-0.500,-0.824,-0.293,14.587,10.620,2.930
-0.481,-0.821,-0.271,16.663,16.602,3.967
-0.480,-0.821,-0.258,18.738,19.409,5.920
-0.483,-0.830,-0.248,20.630,19.409,7.629
-0.471,-0.854,-0.242,22.278,17.395,8.057
-1.322,-0.844,-0.549,183.533,-14.709,195.679
-1.276,-0.779,-0.569,184.204,-20.874,193.237
-1.172,-0.701,-0.566,177.246,-22.522,190.735
-1.068,-0.580,-0.550,165.039,-23.254,189.026
-0.966,-0.448,-0.549,153.992,-24.719,188.354
-0.920,-0.364,-0.555,148.254,-25.818,190.796
-1.000,-0.291,-0.596,150.696,-28.809,200.012
-1.066,-0.204,-0.621,161.987,-31.067,213.684
-1.075,-0.187,-0.633,179.504,-30.640,228.821
-1.027,-0.173,-0.644,199.036,-31.311,245.728
-0.932,-0.160,-0.637,217.041,-32.532,259.766
-0.786,-0.099,-0.592,225.159,-35.217,267.700
-0.562,0.023,-0.542,224.854,-39.551,270.874
-0.298,0.156,-0.517,220.825,-44.739,269.409
-0.039,0.280,-0.506,218.994,-50.537,262.085
0.225,0.443,-0.490,217.285,-54.077,254.700
0.479,0.542,-0.494,211.304,-52.673,249.146
0.807,0.651,-0.492,197.266,-45.654,245.361
1.155,0.701,-0.455,175.659,-38.025,240.234
1.489,0.692,-0.377,150.085,-36.316,228.394
1.802,0.732,-0.258,124.268,-46.509,210.144
1.979,0.896,-0.211,97.839,-68.420,190.002
2.191,0.970,-0.286,73.303,-98.328,171.448
2.473,0.982,-0.471,47.302,-123.901,161.560
2.685,0.945,-0.758,19.409,-138.245,166.260
2.790,0.705,-1.116,0.183,-135.498,182.861
2.703,0.321,-1.427,9.583,-108.704,200.439
2.548,-0.108,-1.608,49.805,-55.725,200.378
2.387,-0.505,-1.588,102.661,7.690,176.392
2.219,-0.858,-1.344,132.080,70.313,135.010
2.100,-1.024,-0.954,116.089,117.432,79.773
2.025,-0.980,-0.567,62.805,131.836,16.663
1.889,-0.872,-0.259,-13.000,118.103,-40.405
1.752,-0.685,-0.081,-93.994,83.191,-89.783
1.653,-0.397,-0.100,-160.522,33.569,-127.808
1.535,-0.172,-0.212,-197.754,-20.447,-148.743
1.447,0.063,-0.391,-204.651,-66.895,-158.508
1.349,0.238,-0.648,-191.345,-90.088,-152.893
1.259,0.271,-0.867,-160.767,-89.783,-141.724
1.226,0.137,-0.978,-117.188,-66.895,-135.742
1.175,0.094,-1.014,-69.275,-33.081,-145.264
1.152,0.133,-0.946,-31.921,6.836,-166.443
1.170,0.188,-0.837,-16.785,45.166,-189.941
1.175,0.200,-0.715,-21.545,71.228,-206.421
1.155,0.216,-0.625,-37.109,81.360,-215.454
1.125,0.202,-0.571,-54.443,77.759,-218.994
1.083,0.105,-0.558,-67.200,67.261,-219.849
1.035,-0.042,-0.608,-75.989,54.443,-223.083
0.939,-0.146,-0.652,-85.449,43.274,-231.018
0.880,-0.180,-0.624,-102.905,39.612,-241.150
0.817,-0.202,-0.584,-128.662,32.593,-250.610
0.754,-0.209,-0.546,-157.227,17.090,-254.333
0.656,-0.290,-0.576,-182.251,-2.869,-248.840
0.428,-0.387,-0.683,-196.960,-25.330,-242.126
0.215,-0.437,-0.744,-203.125,-47.363,-243.225
0.104,-0.507,-0.802,-203.125,-61.340,-249.878
0.065,-0.569,-0.842,-197.693,-64.758,-256.958
0.048,-0.623,-0.868,-190.430,-60.913,-264.709
0.092,-0.683,-0.867,-187.683,-52.002,-272.949
0.109,-0.661,-0.855,-194.702,-39.490,-282.349
0.056,-0.599,-0.800,-208.618,-30.884,-290.039
-0.058,-0.594,-0.757,-221.924,-29.175,-288.513
-0.189,-0.598,-0.683,-229.858,-30.151,-278.137
-0.296,-0.611,-0.623,-228.821,-32.959,-267.090
-0.373,-0.654,-0.572,-220.215,-40.466,-258.911
-0.414,-0.676,-0.557,-206.299,-50.049,-254.395
-0.431,-0.647,-0.566,-189.758,-55.969,-249.573
-0.474,-0.555,-0.590,-167.480,-54.993,-241.882
-0.522,-0.434,-0.633,-138.000,-48.096,-231.445
-0.640,-0.352,-0.706,-104.248,-33.447,-215.942
-0.802,-0.324,-0.750,-69.885,-10.803,-195.740
-0.963,-0.325,-0.759,-40.100,13.367,-171.509
-1.060,-0.350,-0.705,-15.503,38.513,-145.081
-1.047,-0.429,-0.598,3.235,61.890,-120.483
-0.947,-0.545,-0.472,13.062,79.163,-100.281
-0.860,-0.638,-0.363,8.118,86.060,-85.938
-0.818,-0.677,-0.275,-8.118,82.581,-77.637
-0.811,-0.647,-0.228,-30.884,72.205,-75.500
-0.806,-0.597,-0.215,-54.626,58.960,-77.881
-0.826,-0.509,-0.217,-73.364,46.936,-80.200
-0.876,-0.413,-0.232,-84.656,36.438,-78.857
-0.957,-0.356,-0.267,-87.585,29.114,-71.777
-1.063,-0.367,-0.300,-80.750,26.184,-58.716
-1.109,-0.402,-0.287,-66.711,29.968,-43.823
-1.089,-0.459,-0.244,-50.232,38.208,-29.785
-1.002,-0.548,-0.183,-34.424,45.044,-19.470
-0.921,-0.658,-0.130,-21.973,46.448,-11.902
-0.896,-0.745,-0.098,-16.052,42.603,-8.179
-0.872,-0.805,-0.071,-16.052,36.987,-8.057
-0.844,-0.833,-0.052,-19.165,31.433,-9.338
-0.829,-0.842,-0.032,-22.888,25.024,-10.620
-0.822,-0.842,-0.022,-25.330,18.311,-10.071
-0.806,-0.842,-0.011,-25.146,11.169,-8.118
-0.794,-0.836,-0.016,-22.400,3.662,-5.066
-0.774,-0.815,-0.036,-17.151,-3.784,-0.916
-0.744,-0.825,-0.058,-8.911,-9.521,4.700
-0.702,-0.881,-0.088,0.793,-13.550,9.888
-0.672,-0.941,-0.111,9.827,-15.015,11.536
-0.651,-0.988,-0.136,15.015,-14.648,7.568
-0.634,-0.985,-0.157,16.235,-11.719,-0.244
-0.627,-0.944,-0.160,14.709,-7.812,-9.338
-0.628,-0.881,-0.157,12.085,-3.845,-15.381
-0.625,-0.815,-0.147,8.850,0.061,-17.090
-0.612,-0.787,-0.118,6.470,2.563,-15.686
-0.593,-0.781,-0.083,4.333,2.441,-12.878
-0.583,-0.763,-0.059,1.343,-1.038,-9.521
-0.569,-0.737,-0.049,-1.953,-6.714,-5.737
-0.548,-0.741,-0.057,-3.967,-12.878,-0.671
-0.515,-0.770,-0.085,-4.883,-16.846,4.272
-0.509,-0.788,-0.106,-4.211,-18.677,4.639
-0.510,-0.808,-0.125,-2.930,-18.555,0.610
-0.522,-0.794,-0.140,-2.380,-15.259,-3.540
-0.539,-0.782,-0.150,-0.122,-10.132,-5.127
-0.550,-0.806,-0.144,4.089,-3.845,-4.578
-0.534,-0.837,-0.114,7.812,2.686,-3.601
-0.507,-0.869,-0.079,8.362,6.958,-3.662
-0.499,-0.898,-0.049,4.578,6.470,-4.395
-0.511,-0.896,-0.040,-1.770,2.869,-3.906
-0.522,-0.873,-0.045,-7.629,-1.343,-1.953
1.474,0.987,-0.278,175.598,-10.071,144.897
1.737,0.915,-0.343,194.275,-35.095,158.630
1.986,0.866,-0.422,189.453,-60.242,166.992
2.205,0.723,-0.504,158.081,-80.505,175.232
2.295,0.471,-0.693,102.661,-91.919,185.303
2.265,0.270,-0.899,45.654,-92.346,185.608
2.106,0.094,-1.003,12.024,-79.712,172.302
1.955,-0.076,-0.966,9.583,-50.598,148.499
1.827,-0.338,-0.797,28.259,-15.991,119.446
1.758,-0.559,-0.592,47.729,9.766,89.111
1.678,-0.775,-0.396,49.316,19.104,55.176
1.538,-0.879,-0.337,22.888,13.977,23.560
1.279,-0.797,-0.414,-19.897,10.254,1.831
1.086,-0.593,-0.511,-47.302,9.216,-24.048
0.973,-0.293,-0.624,-49.683,12.451,-50.659
0.919,0.012,-0.764,-34.912,17.883,-67.017
0.863,0.238,-0.913,-14.587,24.292,-70.068
0.823,0.385,-1.036,1.587,30.090,-63.110
0.816,0.430,-1.107,8.301,36.865,-54.138
0.851,0.415,-1.116,4.578,42.847,-47.913
0.920,0.350,-1.077,-9.521,45.532,-45.776
0.995,0.260,-1.070,-31.982,45.349,-47.180
1.104,0.129,-1.075,-55.298,42.114,-56.213
1.205,-0.010,-1.136,-78.613,42.480,-74.097
1.310,-0.055,-1.139,-104.675,43.518,-102.051
1.466,-0.034,-1.070,-136.475,43.396,-136.169
1.571,-0.033,-1.029,-176.147,46.997,-168.762
1.507,-0.023,-0.971,-214.233,44.922,-191.528
1.403,0.031,-0.917,-241.272,36.072,-204.407
1.302,0.048,-0.875,-253.723,27.649,-214.539
1.225,-0.013,-0.807,-251.221,21.851,-226.990
1.191,-0.124,-0.743,-241.455,16.235,-238.647
1.143,-0.244,-0.687,-238.586,9.216,-252.869
1.109,-0.331,-0.630,-250.061,-1.343,-271.484
0.993,-0.433,-0.636,-275.818,-16.418,-290.283
0.807,-0.476,-0.694,-308.044,-36.621,-303.955
0.632,-0.485,-0.769,-337.585,-59.814,-315.857
0.486,-0.510,-0.839,-354.797,-81.726,-327.393
0.337,-0.532,-0.885,-353.882,-98.022,-336.609
0.237,-0.512,-0.865,-339.722,-110.046,-347.107
0.194,-0.459,-0.801,-321.106,-115.967,-353.027
0.196,-0.463,-0.710,-303.406,-112.915,-350.464
0.187,-0.442,-0.620,-290.894,-103.882,-342.224
0.123,-0.435,-0.500,-279.907,-98.083,-331.909
-0.048,-0.481,-0.399,-269.653,-97.900,-323.425
-0.227,-0.520,-0.295,-268.738,-102.295,-316.345
-0.352,-0.555,-0.275,-278.198,-109.314,-307.434
-0.500,-0.584,-0.307,-289.795,-118.713,-296.387
-0.635,-0.544,-0.350,-296.082,-127.930,-286.804
-0.731,-0.425,-0.349,-295.471,-131.226,-278.503
-0.779,-0.305,-0.335,-283.386,-127.869,-265.015
-0.833,-0.178,-0.343,-256.714,-120.056,-244.995
-0.878,-0.103,-0.363,-219.421,-106.689,-218.933
-0.913,-0.089,-0.360,-173.828,-85.022,-190.674
-0.926,-0.126,-0.332,-124.939,-57.800,-164.551
-0.919,-0.222,-0.275,-79.773,-32.227,-144.714
-0.907,-0.340,-0.202,-47.546,-12.634,-131.226
-0.915,-0.419,-0.145,-30.762,-4.761,-122.803
-0.920,-0.479,-0.118,-27.954,-8.057,-115.662
-0.916,-0.485,-0.118,-35.583,-16.785,-105.530
-0.916,-0.488,-0.126,-47.058,-26.489,-91.431
-0.907,-0.506,-0.155,-57.251,-34.058,-75.012
-0.899,-0.521,-0.201,-61.462,-39.063,-60.547
-0.899,-0.526,-0.247,-58.105,-40.894,-50.964
-0.912,-0.526,-0.275,-46.631,-37.903,-45.410
-0.923,-0.532,-0.279,-28.931,-30.396,-40.588
-0.936,-0.563,-0.271,-8.606,-20.203,-34.973
-0.943,-0.623,-0.247,9.888,-11.108,-29.907
-0.937,-0.712,-0.201,22.583,-4.822,-26.550
-0.919,-0.799,-0.150,24.292,-1.221,-24.963
-0.908,-0.869,-0.120,15.198,-0.610,-23.315
-0.867,-0.909,-0.092,-2.380,0.061,-22.705
-0.843,-0.914,-0.033,-22.461,-4.578,-22.156
-0.870,-0.911,-0.048,-41.809,-8.911,-23.743
-0.833,-0.905,-0.051,-53.284,-10.498,-27.832
-0.813,-0.868,-0.048,-56.458,-13.733,-30.701
-0.842,-0.831,-0.050,-52.124,-15.564,-31.433
-0.858,-0.784,-0.053,-41.443,-14.282,-31.616
-0.855,-0.777,-0.041,-27.222,-10.681,-29.297
-0.827,-0.798,-0.007,-12.451,-6.287,-24.841
-0.785,-0.838,0.029,0.183,-3.418,-21.179
-0.749,-0.873,0.057,6.165,-3.479,-19.470
-0.724,-0.885,0.068,6.287,-6.165,-18.860
-0.715,-0.877,0.062,1.587,-10.498,-18.616
-0.707,-0.849,0.053,-5.493,-15.869,-18.250
-0.697,-0.821,0.045,-13.184,-20.813,-17.761
-0.687,-0.790,0.037,-19.043,-24.780,-16.602
-0.680,-0.769,0.018,-22.339,-27.649,-15.625
-0.691,-0.748,-0.003,-21.790,-27.893,-15.381
-0.702,-0.724,-0.016,-17.273,-24.963,-15.320
-0.708,-0.711,-0.021,-10.132,-19.348,-14.465
-0.710,-0.711,-0.017,-2.747,-11.353,-11.353
-0.719,-0.722,0.005,4.333,-2.808,-6.531
-0.701,-0.756,0.052,9.399,5.249,-2.441
-0.658,-0.791,0.107,11.230,10.315,-0.610
-0.612,-0.813,0.150,7.996,9.644,-2.258
-0.587,-0.809,0.167,1.709,3.540,-5.859
-0.596,-0.781,0.156,-6.287,-5.005,-9.705
-0.625,-0.736,0.131,-12.512,-12.085,-12.146
-0.649,-0.696,0.104,-16.174,-16.541,-12.146
-0.660,-0.670,0.077,-16.785,-17.761,-10.559
-0.673,-0.650,0.054,-14.221,-16.235,-7.690
-0.687,-0.632,0.033,-9.521,-12.329,-4.883
-0.698,-0.635,0.023,-4.028,-6.653,-1.465
-0.703,-0.652,0.024,1.953,0.793,3.235
-0.687,-0.671,0.048,7.263,8.850,6.958
-0.659,-0.729,0.102,11.292,14.648,8.301
-0.622,-0.791,0.154,12.329,16.235,6.165
-0.615,-0.818,0.180,6.958,12.939,1.404
-0.630,-0.805,0.182,-1.648,7.202,-3.418
-0.655,-0.780,0.169,-9.705,1.770,-5.432
-0.670,-0.763,0.153,-16.052,-1.831,-5.493
-0.673,-0.758,0.137,-19.348,-3.296,-4.578
-0.679,-0.759,0.125,-19.653,-2.869,-3.723
-0.688,-0.755,0.116,-17.273,-1.160,-2.747
-0.691,-0.751,0.107,-12.756,1.648,-2.136
-0.695,-0.758,0.111,-7.751,6.104,-0.793
-0.684,-0.790,0.137,-2.136,10.620,0.061
-0.660,-0.815,0.175,2.747,12.573,-2.075
-0.768,-1.040,-0.790,304.016,15.198,277.344
-0.712,-0.984,-0.820,265.747,15.686,243.530
-0.645,-0.813,-0.785,229.919,16.724,213.745
-0.622,-0.680,-0.707,196.899,16.602,197.449
-0.671,-0.571,-0.657,170.410,16.418,193.298
-0.697,-0.504,-0.606,163.086,14.893,192.383
-0.639,-0.409,-0.562,178.223,9.155,192.932
-0.508,-0.271,-0.537,207.336,-0.977,195.618
-0.348,-0.154,-0.525,232.788,-15.076,203.369
-0.239,-0.117,-0.570,242.981,-32.654,216.858
-0.165,-0.125,-0.644,242.920,-48.096,230.835
-0.096,-0.104,-0.717,238.586,-59.814,239.868
-0.019,-0.226,-0.878,229.614,-68.848,241.882
-0.055,-0.318,-1.013,215.698,-68.726,231.628
-0.005,-0.288,-1.022,196.045,-58.716,205.505
0.140,-0.132,-0.952,169.556,-42.297,168.152
0.317,0.028,-0.867,142.395,-26.733,130.066
0.421,0.225,-0.742,124.817,-18.799,99.670
0.528,0.457,-0.578,117.493,-19.409,81.909
0.709,0.665,-0.453,115.845,-27.771,76.782
0.905,0.871,-0.428,114.075,-44.739,83.435
1.046,0.952,-0.537,113.342,-68.115,99.304
1.076,0.982,-0.783,121.033,-88.440,123.657
1.129,1.000,-0.979,136.108,-90.210,147.827
1.208,0.832,-1.111,148.560,-73.486,166.626
1.236,0.634,-1.152,154.968,-47.180,173.462
1.277,0.498,-1.103,156.128,-22.217,164.124
1.304,0.405,-0.984,147.583,-5.676,142.395
1.355,0.330,-0.841,129.456,-0.427,114.441
1.354,0.258,-0.715,107.727,-3.906,85.266
1.294,0.222,-0.534,88.989,-14.160,55.481
1.258,0.279,-0.421,71.594,-31.677,26.855
1.394,0.494,-0.512,46.753,-54.199,14.954
1.427,0.475,-0.745,7.263,-74.707,37.659
1.161,0.263,-0.980,-37.903,-75.378,78.857
0.956,0.021,-1.106,-58.594,-51.941,103.088
0.852,-0.156,-1.008,-45.898,-16.357,98.999
0.903,-0.296,-0.807,-18.372,18.188,76.111
1.029,-0.375,-0.680,2.625,37.964,44.922
1.052,-0.393,-0.616,3.784,41.809,14.954
1.013,-0.335,-0.591,-16.052,32.288,-11.536
0.963,-0.223,-0.618,-50.903,17.212,-35.522
0.894,-0.121,-0.695,-86.914,-1.465,-58.105
0.824,-0.017,-0.760,-115.540,-20.203,-77.576
0.787,0.093,-0.859,-135.254,-33.569,-89.905
0.823,0.185,-0.982,-142.029,-38.635,-97.229
0.854,0.195,-1.077,-133.728,-35.278,-99.426
0.929,0.154,-1.128,-113.892,-23.315,-98.816
1.018,0.067,-1.118,-87.891,-7.263,-98.999
1.101,-0.086,-1.091,-65.613,8.911,-104.126
1.208,-0.202,-1.029,-53.284,22.827,-118.225
1.312,-0.268,-0.984,-56.335,34.424,-141.357
1.392,-0.302,-0.913,-75.745,40.161,-171.265
1.460,-0.262,-0.854,-113.525,40.344,-201.843
1.551,-0.204,-0.805,-162.048,32.471,-226.440
1.609,-0.174,-0.824,-210.022,15.564,-244.202
1.580,-0.154,-0.837,-249.268,-7.385,-256.287
1.531,-0.157,-0.865,-277.161,-28.748,-267.395
1.470,-0.231,-0.901,-294.067,-42.664,-280.212
1.367,-0.316,-0.907,-305.115,-57.983,-298.950
1.217,-0.336,-0.907,-319.397,-71.411,-322.083
1.009,-0.259,-0.903,-340.088,-80.688,-342.285
0.838,-0.215,-0.894,-356.445,-91.309,-353.577
0.698,-0.255,-0.861,-360.779,-102.600,-351.807
0.673,-0.348,-0.762,-351.990,-112.305,-346.985
0.674,-0.480,-0.675,-339.050,-120.300,-342.346
0.624,-0.577,-0.644,-328.430,-131.042,-342.651
0.599,-0.671,-0.651,-320.923,-145.020,-350.647
0.561,-0.683,-0.716,-315.796,-151.794,-363.098
0.451,-0.579,-0.753,-308.350,-150.024,-378.113
0.313,-0.446,-0.724,-289.368,-145.569,-392.700
0.120,-0.397,-0.676,-262.268,-144.348,-399.658
-0.088,-0.363,-0.671,-234.253,-149.231,-392.029
-0.249,-0.341,-0.648,-207.764,-155.884,-376.160
-0.363,-0.330,-0.627,-184.204,-158.813,-357.666
-0.454,-0.369,-0.587,-170.471,-156.006,-337.036
-0.532,-0.354,-0.565,-168.274,-148.437,-317.993
-0.635,-0.245,-0.553,-176.331,-140.259,-301.697
-0.736,-0.091,-0.568,-187.927,-131.409,-284.424
-0.806,0.019,-0.581,-192.017,-118.347,-263.306
-0.871,0.039,-0.585,-183.350,-101.990,-240.112
-0.968,-0.014,-0.613,-166.016,-90.149,-218.872
-1.107,-0.071,-0.635,-146.973,-83.313,-199.646
-1.217,-0.114,-0.663,-128.479,-74.036,-179.382
-1.294,-0.142,-0.674,-107.361,-57.617,-156.677
-1.313,-0.186,-0.648,-83.130,-38.574,-134.521
-1.276,-0.260,-0.585,-60.730,-18.250,-114.197
-1.153,-0.366,-0.514,-43.091,-0.793,-98.938
-1.056,-0.449,-0.446,-33.203,8.789,-93.201
-1.034,-0.496,-0.389,-35.522,10.925,-91.125
-1.038,-0.470,-0.356,-47.241,10.803,-85.449
-1.061,-0.444,-0.325,-63.049,10.681,-75.928
-1.057,-0.438,-0.290,-74.280,9.766,-63.843
-1.048,-0.440,-0.251,-75.562,7.751,-51.086
-1.031,-0.468,-0.205,-65.002,4.761,-39.856
-0.997,-0.502,-0.156,-43.945,1.709,-31.860
-0.980,-0.526,-0.137,-18.860,-1.282,-24.048
-0.972,-0.574,-0.140,4.944,-2.441,-16.357
-0.961,-0.623,-0.145,25.818,-0.610,-9.399
-0.950,-0.680,-0.138,41.931,3.662,-4.272
-0.927,-0.760,-0.117,50.781,8.728,-1.404
-0.899,-0.849,-0.086,48.523,13.000,-0.427
-0.854,-0.897,-0.056,33.081,13.855,-2.441
-0.812,-0.900,-0.032,8.118,11.047,-5.310
-0.797,-0.887,-0.008,-16.968,4.700,-9.338
-0.800,-0.855,0.013,-37.048,-1.953,-13.733
-0.782,-0.809,0.039,-48.767,-6.958,-16.418
-0.751,-0.773,0.063,-52.063,-11.902,-16.296
-0.714,-0.766,0.075,-47.363,-17.517,-14.648
-0.727,-0.739,0.065,-37.170,-21.912,-11.536
-0.741,-0.720,0.047,-23.682,-22.217,-8.545
-0.746,-0.722,0.034,-9.338,-18.250,-6.531
-0.749,-0.728,0.036,3.357,-12.024,-5.371
-0.747,-0.720,0.042,11.719,-6.409,-4.822
-0.733,-0.700,0.045,16.846,-3.235,-4.761
-0.728,-0.708,0.055,20.752,-2.197,-4.517
-0.722,-0.716,0.054,21.606,-2.502,-4.150
-0.724,-0.706,0.048,17.395,-3.418,-3.357
-0.723,-0.692,0.033,11.108,-5.188,-2.197
